beta_ratio,layers,local_coherence,local_coherence_sd,associative_drift,associative_drift_sd,self_diversity,global_coherence,attention_entropy,perplexity,degenerate,n
0.3,all,,,0.855971485376358,0.13920977909083265,1.0,,0.263310959096998,,0.0,0
0.5,all,1.0,0.0,0.2866973876953125,0.13243477317976202,0.49571525026014557,0.9052313168843588,0.3103449856862426,5.180395606766463,0.0,5
1.0,all,1.0,0.0,0.23243841528892517,0.015124864698860204,0.7626167728087623,0.7881252351734372,0.29738576663658023,5.0592238753185415,0.0,6
